create database if not exists paz1c_project;
-- Script was generated by Devart dbForge Studio 2020 for MySQL, Version 9.0.689.0
-- Product home page: http://www.devart.com/dbforge/mysql/studio
-- Script date 05.11.2021 15:06:21
-- Server version: 8.0.27
-- Client version: 4.1
--

-- 
-- Disable foreign keys
-- 
/*!40014 SET @OLD_FOREIGN_KEY_CHECKS=@@FOREIGN_KEY_CHECKS, FOREIGN_KEY_CHECKS=0 */;

-- 
-- Set SQL mode
-- 
/*!40101 SET @OLD_SQL_MODE=@@SQL_MODE, SQL_MODE='NO_AUTO_VALUE_ON_ZERO' */;

-- 
-- Set character set the client will use to send SQL statements to the server
--
SET NAMES 'utf8';

--
-- Set default database
--
USE paz1c_project;

--
-- Drop table `prosuctonposition`
--
DROP TABLE IF EXISTS prosuctonposition;

--
-- Drop table `positions`
--
DROP TABLE IF EXISTS positions;

--
-- Drop table `history`
--
DROP TABLE IF EXISTS history;

--
-- Drop table `productsinorder`
--
DROP TABLE IF EXISTS productsinorder;

--
-- Drop table `products`
--
DROP TABLE IF EXISTS products;

--
-- Drop table `categories`
--
DROP TABLE IF EXISTS categories;

--
-- Drop table `order`
--
DROP TABLE IF EXISTS `order`;

--
-- Drop table `user`
--
DROP TABLE IF EXISTS user;

--
-- Drop table `roles`
--
DROP TABLE IF EXISTS roles;

--
-- Set default database
--
USE paz1c_project;

--
-- Create table `roles`
--
CREATE TABLE roles (
  idRoles int NOT NULL AUTO_INCREMENT,
  role varchar(255) NOT NULL,
  PRIMARY KEY (idRoles)
)
ENGINE = INNODB,
AUTO_INCREMENT = 51,
CHARACTER SET utf8mb4,
COLLATE utf8mb4_0900_ai_ci;

--
-- Create table `user`
--
CREATE TABLE user (
  idUser int NOT NULL AUTO_INCREMENT,
  name varchar(50) NOT NULL,
  surname varchar(255) NOT NULL,
  dateOfBirth date NOT NULL,
  login varchar(255) NOT NULL,
  password varchar(255) NOT NULL,
  role int NOT NULL,
  PRIMARY KEY (idUser)
)
ENGINE = INNODB,
AUTO_INCREMENT = 51,
CHARACTER SET utf8mb4,
COLLATE utf8mb4_0900_ai_ci;

--
-- Create index `login` on table `user`
--
ALTER TABLE user
ADD UNIQUE INDEX login (login);

--
-- Create foreign key
--
ALTER TABLE user
ADD CONSTRAINT FK_user_role FOREIGN KEY (role)
REFERENCES roles (idRoles);

--
-- Create table `order`
--
CREATE TABLE `order` (
  idOrder int NOT NULL AUTO_INCREMENT,
  Name varchar(50) NOT NULL,
  Summ double NOT NULL,
  OrderStatus varchar(255) NOT NULL,
  SalesMan int NOT NULL,
  PRIMARY KEY (idOrder)
)
ENGINE = INNODB,
CHARACTER SET utf8mb4,
COLLATE utf8mb4_0900_ai_ci;

--
-- Create foreign key
--
ALTER TABLE `order`
ADD CONSTRAINT FK_order_SalesMan FOREIGN KEY (SalesMan)
REFERENCES user (idUser);

--
-- Create table `categories`
--
CREATE TABLE categories (
  idCategories int NOT NULL AUTO_INCREMENT,
  categoria varchar(255) NOT NULL,
  PRIMARY KEY (idCategories)
)
ENGINE = INNODB,
AUTO_INCREMENT = 51,
CHARACTER SET utf8mb4,
COLLATE utf8mb4_0900_ai_ci;

--
-- Create index `categoria` on table `categories`
--
ALTER TABLE categories
ADD UNIQUE INDEX categoria (categoria);

--
-- Create table `products`
--
CREATE TABLE products (
  idProduct int NOT NULL AUTO_INCREMENT,
  name varchar(50) NOT NULL,
  manufacture varchar(255) NOT NULL,
  EAN varchar(255) NOT NULL,
  weight double NOT NULL,
  taste varchar(255) DEFAULT NULL,
  height double NOT NULL,
  length double NOT NULL,
  width double NOT NULL,
  piecesInPackage int NOT NULL,
  Categories int NOT NULL,
  PRIMARY KEY (idProduct)
)
ENGINE = INNODB,
AUTO_INCREMENT = 51,
CHARACTER SET utf8mb4,
COLLATE utf8mb4_0900_ai_ci;

--
-- Create foreign key
--
ALTER TABLE products
ADD CONSTRAINT FK_products_Categories FOREIGN KEY (Categories)
REFERENCES categories (idCategories);

--
-- Create table `productsinorder`
--
CREATE TABLE productsinorder (
  idOrder int NOT NULL,
  idProducts int NOT NULL,
  count int NOT NULL
)
ENGINE = INNODB,
CHARACTER SET utf8mb4,
COLLATE utf8mb4_0900_ai_ci;

--
-- Create foreign key
--
ALTER TABLE productsinorder
ADD CONSTRAINT FK_productsinorder_idOrder FOREIGN KEY (idOrder)
REFERENCES `order` (idOrder);

--
-- Create foreign key
--
ALTER TABLE productsinorder
ADD CONSTRAINT FK_productsinorder_idProducts FOREIGN KEY (idProducts)
REFERENCES products (idProduct);

--
-- Create table `history`
--
CREATE TABLE history (
  idprodukt int NOT NULL,
  iduser int NOT NULL,
  idposition int NOT NULL,
  added int DEFAULT NULL,
  deduct int DEFAULT NULL
)
ENGINE = INNODB,
CHARACTER SET utf8mb4,
COLLATE utf8mb4_0900_ai_ci;

--
-- Create foreign key
--
ALTER TABLE history
ADD CONSTRAINT FK_historia_idprodukt FOREIGN KEY (idprodukt)
REFERENCES products (idProduct);

--
-- Create foreign key
--
ALTER TABLE history
ADD CONSTRAINT FK_historia_iduser FOREIGN KEY (iduser)
REFERENCES user (idUser);

--
-- Create table `positions`
--
CREATE TABLE positions (
  id int NOT NULL AUTO_INCREMENT,
  floor int NOT NULL,
  positionNumber int NOT NULL,
  shelf varchar(255) NOT NULL,
  height double NOT NULL,
  weight double NOT NULL,
  lenght double NOT NULL,
  BearingCapacity double NOT NULL,
  PRIMARY KEY (id)
)
ENGINE = INNODB,
AUTO_INCREMENT = 51,
CHARACTER SET utf8mb4,
COLLATE utf8mb4_0900_ai_ci;

--
-- Create table `prosuctonposition`
--
CREATE TABLE prosuctonposition (
  idProduct int NOT NULL,
  idPosition int NOT NULL,
  count int NOT NULL
)
ENGINE = INNODB,
CHARACTER SET utf8mb4,
COLLATE utf8mb4_0900_ai_ci;

--
-- Create foreign key
--
ALTER TABLE prosuctonposition
ADD CONSTRAINT FK_prosuctonposition_idPosition FOREIGN KEY (idPosition)
REFERENCES positions (id);

--
-- Create foreign key
--
ALTER TABLE prosuctonposition
ADD CONSTRAINT FK_prosuctonposition_idProduct FOREIGN KEY (idProduct)
REFERENCES products (idProduct);

-- 
-- Dumping data for table roles
--
INSERT INTO roles VALUES
(1, 'skladnik\r\n'),
(2, 'admin\r\n'),
(3, 'veduci'),
(4, 'predajca');

-- 
-- Dumping data for table user
--
INSERT INTO user VALUES
(1, 'Ayanna518', 'Vanwinkle', '1979-10-06', 'Burton92', 'n2cl9nn1VcC/W8Hou1aHRw==', 3),
(2, 'Karima847', 'Shin', '1951-11-16', 'Andrade718', '1kOwmq+6of12T1MG7flbzg==', 4),
(3, 'Santos2004', 'Hutcherson', '1993-07-08', 'Stacy1964', 'XiF/Z1oFexcvQc5DMop+Ug==', 1),
(4, 'Erwin1951', 'Lowry', '1951-02-16', 'Amaya5', '7zhX1XzU1vyxym8PN473+w==', 2),
(5, 'Lekisha247', 'Armenta', '1951-04-04', 'Ziegler1974', 'cJoM1JtYGd/lTQxZI++tYQ==', 4),
(6, 'Miguel82', 'Hutcheson', '1973-08-28', 'Abbie966', 'D9dHlFLZPA+iE3YMDUCTOg==', 3),
(7, 'Talbott2017', 'Mchugh', '1951-01-09', 'Ardis759', 'Ax9D5R2j9OE3u84bT/E90w==', 2),
(8, 'Neal434', 'Pederson', '1951-02-08', 'Alita8', '38txQ1dbU2bphdBJi9oosw==', 4),
(9, 'Darrin7', 'Mcinnis', '1988-11-22', 'Dung261', '+C+Rnnl1V7bX1H40mnAd7Q==', 2),
(10, 'Christal1', 'Varela', '2000-05-24', 'Aleta1974', 'eNiDQM1OLz6XZkat9xFGfQ==', 3),
(11, 'Austin1959', 'Loy', '1951-02-23', 'Adan1', 'a+Qem9loKBwLV8MVh5GRJw==', 2),
(12, 'Devon82', 'Duke', '1986-11-10', 'Haggard354', 'dxfT5NRceqQos71PdITd3g==', 3),
(13, 'Vannesa1999', 'Bumgarner', '1951-03-19', 'Abby9', 'pkpFSaqjcuMZmX1yZPaicQ==', 4),
(14, 'Roger1983', 'Graf', '1982-04-08', 'Loper2', 'zJMRcGDwhk8p450S5ogZqA==', 1),
(15, 'Addie5', 'Dukes', '1951-03-13', 'Amos775', 'osYU73F29ZEl4hQ9mwfd4Q==', 4),
(16, 'Milan2022', 'Hutchings', '1980-06-09', 'Chism1993', 'S+bthVPst/EJe/tkm2RYHg==', 4),
(17, 'Abernathy1950', 'Graff', '1963-04-03', 'Mikki1989', '/38hPMtQN/mAnqkuuzZ3Yg==', 4),
(18, 'Rosalyn98', 'Shinn', '1953-06-21', 'Hollingsworth1960', '1kEbDvnwBpQaNEbcTruHTg==', 4),
(19, 'Kurt2016', 'Armijo', '1994-08-20', 'Lauryn1995', 'rfJwOzKhDJXNeD8MGOkGFA==', 1),
(20, 'Herb83', 'Loyd', '1951-01-10', 'Heller96', 'kuTS2j0VKLyfZmi7wm1jPg==', 2),
(21, 'Anthony31', 'Dumas', '1970-12-01', 'Andre1968', 'aAoGfxuGOuqqbJjFrAieUA==', 3),
(22, 'Adam933', 'Graham', '1958-03-03', 'Alissa336', 'Ur019lwpLV/gaOw4URSm7g==', 4),
(23, 'Abby9', 'Peebles', '1952-01-01', 'Tajuana4', 'TH1/tgsPaMB3he9h7OG9vg==', 4),
(24, 'Ada2015', 'Bunch', '1986-08-04', 'Odessa2019', '159DzxmTq9MNsy1fIUT0Qg==', 3),
(25, 'Champion1', 'Mcintire', '1991-01-22', 'Elbert135', '2Cmh5Vmo+rrT+iKFuMKw4w==', 2),
(26, 'Doretha2011', 'Vargas', '1956-06-28', 'Myrtis1999', 'jJwua3TkxLTSAmy5pHmanA==', 4),
(27, 'Marlena133', 'Shipley', '1978-01-22', 'Forest2020', 't3efIQpOoMXYy3sboSh2Xw==', 4),
(28, 'Nutt2014', 'Hutchins', '1951-03-17', 'Upshaw738', '1bsae2YCbr5lRT7eVCcRnA==', 4),
(29, 'Applegate5', 'Varner', '1988-06-15', 'Galen39', 'Xvb1v8vmwSTExubGwYeyGw==', 4),
(30, 'Arnulfo722', 'Peek', '1979-04-29', 'Adolph94', 'xSTL9kCnlWNEbId12gvhVw==', 4),
(31, 'Alford1987', 'Shipman', '1958-09-02', 'Ramiro594', '8fNumK2kvfsviIkpGkCgww==', 1),
(32, 'Sharilyn1961', 'Dunaway', '1996-12-06', 'Jeanetta1992', 'UD+Cc+P3SmpzzIrSNvJbGw==', 4),
(33, 'Maurice1993', 'Varney', '1985-11-06', 'Abel1975', 'q5FcHT6VGWDugi79/+gp3w==', 2),
(34, 'Rolando1997', 'Lozano', '1951-05-08', 'Sterling28', 'EhuN9F8Ifc51oiBBDvoRRw==', 3),
(35, 'Gallegos6', 'Armstead', '1985-11-08', 'Kylie2018', '7ThiR8xycPqbWLAzDaCcVw==', 4),
(36, 'Newton671', 'Bundy', '1966-08-11', 'Matilda2028', 'WI5PBNGdDigBhvsayL+iUA==', 3),
(37, 'Tyrone4', 'Armstrong', '1997-10-16', 'Evers523', 'sed0wtRnkQlaOufWwWe1gA==', 2),
(38, 'Tim2022', 'Hutchinson', '1972-05-08', 'Jameson168', 'irJdxL1Vf2fDLvdZYgH3wQ==', 4),
(39, 'Darrel2008', 'Bunker', '1951-01-09', 'Saylor813', 'NPG8/GR8+ikx9bHnjYAR0g==', 2),
(40, 'Brandon2013', 'Shipp', '1960-12-20', 'Marquis2014', '0F69CbGtE9p0yh+jSAZJOg==', 3),
(41, 'Krieger2011', 'Granados', '1951-02-25', 'Adan189', 'i0Pg5skKOKcdz9bjHxHDEg==', 3),
(42, 'Tanisha588', 'Arndt', '1985-11-26', 'Stillwell825', 'mqYQd9JF+3wTRfL3kQAtEg==', 1),
(43, 'Mel268', 'Dunbar', '1977-11-23', 'Odette2005', 'F+Ac0P7DqdbCQ7D9Qc551Q==', 4),
(44, 'Albert253', 'Lucas', '1971-08-01', 'Riggins2021', 'NHpNqmuntxFusgMJekV4Yg==', 1),
(45, 'Dominguez527', 'Vasquez', '1975-08-04', 'Tamatha139', 'e+2Y3G7M6da1dewXIZYK/Q==', 4),
(46, 'Taft537', 'Shirley', '1951-01-07', 'Rena2018', 'rWyxwCj9JuvkiVBrEcsnmA==', 3),
(47, 'Morgan1987', 'Mcintosh', '1952-07-16', 'Margarette849', 'i0Pg5skKOKcdz9bjHxHDEg==', 2),
(48, 'Sheena2008', 'Peel', '1971-07-10', 'Adaline1972', 'QZkidc7j0Kj3XSMEhGsELA==', 2),
(49, 'Nicholas954', 'Granger', '1951-01-11', 'Abraham5', 'pGw7VPLJhxzYHa96kySZwA==', 4),
(50, 'Abney4', 'Hutchison', '1960-07-21', 'Turpin89', 'NBbxq42SMzu7sfWqKUrI6w==', 2);

-- 
-- Dumping data for table categories
--
INSERT INTO categories VALUES
(1, 'AAAJQDXMRVHYII'),
(46, 'ANDLSSBPFEXZMDUPILKLU'),
(22, 'BNBSVW'),
(10, 'BUQN'),
(48, 'CGBIUCMWEWUKKZKHABRDPNFXNTFNSSWP'),
(35, 'CNXKZWNRIKBNFVQJDXTCKRTPACNHHPCBLKBMQZKYFWCMKJERHSTKVCSFAAX'),
(39, 'CTATYITTMQBUKZLJRYXRBBVZQLNWXKWCQGUMZBKZ'),
(29, 'DGOXAZWVURJKYXHGUFASVSLRRHPQNQFIXDU'),
(38, 'DIXRYFXIRVYVKNUKDBIEQ'),
(24, 'DNUIDKWFQBBNFNIZZ'),
(40, 'EHMMMBMEVAQZAVKLJRKKOF'),
(16, 'EYDULTZ'),
(2, 'FHIUHXEGOAVRJDURMJZXXJOLYIYLQDTTMUNBSLSVOIZBZOR'),
(37, 'FIPCLGVVGRWRKMHOHADXDGH'),
(18, 'FPBOEJGYUWXOUTSGKEZSAFJYMZWEMYTQBOUDEJHPVGTKX'),
(12, 'FQWQYUYWLIMZPXSZVRXJSGDPJMWINFRWZ'),
(7, 'GJMJQUAE'),
(32, 'JFUNGZ'),
(13, 'JPUMBD'),
(28, 'KZ'),
(9, 'LABYQHQFCCPGDVDSLYYNGPJOXRJYTDUITUATVIBBHJDI'),
(3, 'LUMOZX'),
(31, 'MBVAXWZHTVWWOHSVLESSZRMEW'),
(41, 'MRVLNKMQVLWS'),
(43, 'MTTQCTBSSYPDSWITVJGJPQKIMUUGMGWOXOMDXYEGOKZDWTLFSXGSYGVNIWFSBKRUDAVKBWARJBDET'),
(17, 'NFDUBALUVCIIKTMXOADNJKGZPYPWOAYFAVI'),
(4, 'NGDVPLYCQICQWCCIIYQNSIXXOW'),
(50, 'OMOUAKVVLKJVOSYCOSRFSPPSUKHBR'),
(27, 'PUW'),
(8, 'QHYSXNXFUMTKSRFQOJVEKQLXVGNIQQFANNGTHFGYGENBLX'),
(33, 'QYKRFRTHR'),
(30, 'QZ'),
(15, 'RKTGVSGBXTAIIQFC'),
(23, 'RNBJJHGNCAOLHGFAQTPCMACGDPLKEKZ'),
(14, 'RRZFPWNCDPSATLSADSSDBUSDOHQISKMLNMHPQFLKEFINACEBXHR'),
(34, 'RSXEFECLAIIXWAMWKIJOWJYQNYNGOQZUFPTYUD'),
(36, 'SFPBEPYZ'),
(45, 'SIEZIVSRRQIJVTXCVWANCSNNMQTCK'),
(21, 'SW'),
(11, 'TJJVDQJIWUGSDMMMEVQZJJVSGDVPKCGIAZTSRCHPYFHESXTDQNWGAAVOXPHPRWA'),
(49, 'TK'),
(42, 'TLLNXQEUEXOAVBIZCEAIVYCXRRGVLCCQCDM'),
(6, 'TONHEQMUPXWXKPGOIMWCPIAAUIUSRWDNJHYNCDNYAUQXPRKLFUHILUEFGZQDKCCIVMGQCYCCNWEQOTKO'),
(47, 'VKCRALGNZS'),
(20, 'WOPPJ'),
(26, 'WSNV'),
(19, 'YMGZOXVTVIDIMBPDNMBTERYX'),
(25, 'YUSKOBSWFQRDZUKPKNMKEVIMWGWPGKRBBHMLAEMHITZYVOCPVWVKKYKNADNSRW'),
(44, 'ZC'),
(5, 'ZKMUWDEPVDHFHCMUGWWNRRDLM');

-- 
-- Dumping data for table positions
--
INSERT INTO positions VALUES
(1, 7, 4, 'o', 47, 14, 10, 641),
(2, 6, 2, 'f', 6, 12, 47, 892),
(3, 8, 2, 'a', 8, 32, 29, 553),
(4, 7, 8, 'e', 7, 18, 43, 756),
(5, 8, 1, 'd', 11, 51, 12, 418),
(6, 7, 8, 'g', 7, 68, 22, 899),
(7, 5, 8, 'g', 50, 48, 83, 308),
(8, 9, 1, 'e', 51, 1, 79, 412),
(9, 6, 6, 'b', 26, 6, 84, 334),
(10, 1, 4, 'e', 31, 74, 42, 616),
(11, 3, 8, 'o', 93, 78, 10, 714),
(12, 6, 9, 'p', 26, 9, 92, 771),
(13, 6, 1, 'f', 66, 71, 100, 133),
(14, 7, 9, 'c', 97, 63, 69, 995),
(15, 9, 9, 'o', 49, 46, 62, 821),
(16, 7, 9, 'w', 27, 39, 23, 830),
(17, 2, 9, 'g', 2, 37, 98, 579),
(18, 5, 5, 'u', 65, 91, 74, 2),
(19, 6, 3, 'p', 96, 71, 89, 861),
(20, 9, 2, 'b', 89, 12, 52, 478),
(21, 4, 3, 'y', 4, 69, 82, 562),
(22, 1, 7, 'i', 1, 60, 36, 845),
(23, 1, 2, 's', 1, 42, 30, 274),
(24, 9, 3, 'f', 29, 13, 24, 295),
(25, 8, 1, 'w', 48, 85, 29, 766),
(26, 9, 8, 'h', 69, 54, 62, 345),
(27, 8, 4, 'c', 48, 48, 62, 974),
(28, 1, 4, 'f', 21, 14, 95, 720),
(29, 3, 3, 'x', 3, 94, 3, 740),
(30, 5, 4, 'u', 25, 33, 8, 97),
(31, 7, 9, 'e', 77, 44, 83, 994),
(32, 7, 4, 'h', 17, 79, 58, 481),
(33, 2, 2, 'm', 22, 64, 35, 758),
(34, 10, 3, 'y', 90, 22, 44, 606),
(35, 1, 8, 'q', 71, 23, 28, 62),
(36, 6, 1, 'd', 6, 68, 32, 849),
(37, 3, 7, 'u', 23, 91, 58, 513),
(38, 2, 3, 'c', 97, 82, 60, 349),
(39, 1, 3, 'k', 25, 50, 82, 962),
(40, 2, 3, 'y', 70, 61, 19, 229),
(41, 3, 7, 'l', 76, 64, 57, 84),
(42, 4, 5, 'c', 67, 48, 88, 8),
(43, 9, 3, 'h', 46, 43, 16, 85),
(44, 7, 1, 'a', 83, 29, 9, 23),
(45, 5, 2, 'y', 56, 61, 90, 302),
(46, 7, 5, 'd', 79, 81, 97, 732),
(47, 10, 2, 'o', 3, 92, 5, 330),
(48, 10, 4, 'm', 86, 35, 40, 715),
(49, 3, 4, 'x', 63, 2, 55, 952),
(50, 9, 7, 'e', 65, 63, 13, 497);

-- 
-- Dumping data for table `order`
--
-- Table paz1c_project.`order` does not contain any data (it is empty)

-- 
-- Dumping data for table products
--
INSERT INTO products VALUES
(1, 'Antaridge', 'Bayfazon', '944-6-940-37571-5', 25, NULL, 4, 1, 4, 25, 33),
(2, 'Monwoofridge', 'Venlamalol', '084-6-970-03691-1', 81, 'XIMWGREREFHUSRVKKDCCRUPOPVPAMEEBNGCOLRX', 42, 1, 42, 4, 37),
(3, 'Chartoplet', 'Naposoprofen', '446-4-047-69938-6', 7, 'WTRTLZHCHSHAAHUXDZDLYIDVVXYDIDPDEDJVWBHBAPZGQXNYTBFZIWNKBPQHZTLKZQDHTFW', 49, 40, 49, 18, 41),
(4, 'Prolifiar', 'Novotamsol', '844-8-051-48685-5', 17, 'SRHGDZLQQMYCOFWEBUOFNFPNJCMPBKHEYFBXVNFMYXMCMPTWDQHZSZNWDEQJFYXISKOIXTILHBWSKYUNKGUJGNPLRJRQHXMYWSIABYMXMIJBOLBGWWFATR', 27, 95, 27, 26, 39),
(5, 'Recordicphone', 'Lidohydrozon', '184-5-858-92581-0', 99, 'VHNJFXCXJDEJVACA', 23, 48, 23, 48, 38),
(6, 'Contopexor', 'Irebutamde', '944-6-940-37572-2', 4, 'FGQMHBWTEUJBDFTAJAQKULCQBNXNUNRISSZOSMYQADNGEJCGZEDYCTHFKMVVZSCN', 54, 45, 54, 24, 33),
(7, 'Monoholdphone', 'Baytamdar', '302-7-814-34629-9', 83, 'LJC', 91, 72, 91, 24, 4),
(8, 'Bijectentor', 'Laxospocose', '779-6-987-17890-2', 3, 'DGRUVJBEEPCUDHED', 11, 72, 11, 19, 15),
(9, 'Probandeflet', 'Acyclomuc', '679-8-098-29001-7', 98, 'PEHRZNRJBNPBXXPVGTM', 30, 72, 30, 45, 42),
(10, 'Tabcordefscope', 'Baszodar', '779-6-987-17891-9', 44, 'WWTVQDEKLUGVQYHJUMHEBQCUCUJLKWXPFTMRXUEMOHSBG', 71, 55, 71, 8, 41),
(11, 'Comtectar', 'Septocarpamsol', '844-8-051-48686-2', 79, 'EUF', 2, 17, 2, 23, 31),
(12, 'Tabniepra', 'Pentonihex', '202-8-925-45740-0', 23, 'DMWFZYGUWLAOLAH', 94, 8, 94, 24, 23),
(13, 'Reholdepscope', 'Renabutamban', '084-6-970-03692-8', 24, 'RZODVLJZXPPQLGRLNLNCYBYFUNQFNJJJLTZKODSXTNLHHHIONB', 6, 68, 6, 50, 6),
(14, 'Mictellewor', 'Decocloxin', '944-6-940-37573-9', 50, 'PLUXIGRSCDGEZUHJSV', 56, 7, 56, 8, 29),
(15, 'Printculon', 'Endosonban', '184-5-858-92582-7', 8, 'VCLZLVAQRFWDWPYOEMDXOTDDWZVNMEVVHHQKUIWUJTXLXG', 5, 68, 5, 24, 22),
(16, 'Ampcordletra', 'Mucoxane', '302-7-814-34630-5', 24, 'EGRBTIV', 5, 42, 5, 36, 17),
(17, 'Subbandridge', 'Gentachloridehex', '844-8-051-48687-9', 86, 'IAULTJUBZLSFXLUXD', 45, 21, 45, 32, 49),
(18, 'Charcesseder', 'Mononanide', '944-6-940-37574-6', 95, 'KRNTPUNXLHOQZNKOCOSBCCMFBERKZDQZUKK', 32, 20, 32, 8, 16),
(19, 'Readleinridge', 'Aritamlat', '844-8-051-48688-6', 81, 'IYTXSUALIJYWMN', 74, 68, 74, 32, 25),
(20, 'Cartnieper', 'Metofafen', '944-6-940-37575-3', 37, 'HBXXLZVLBQ', 35, 1, 35, 24, 47),
(21, 'Ampcordimor', 'Erytamvant', '679-8-098-29002-4', 22, 'E', 9, 42, 9, 19, 1),
(22, 'Stereomuterphone', 'Candicurzol', '779-6-987-17892-6', 98, 'OPECZZNZBXUMKHHHZZKMNBNCAHAPUUDHNOYK', 75, 38, 75, 22, 7),
(23, 'Readcordar', 'Doxyspodex', '084-6-970-03693-5', 24, 'JHJKDGPTTXWXIBQTZHULMXPPZ', 51, 37, 51, 50, 32),
(24, 'Monholdewon', 'Konitanrex', '546-2-936-58828-4', 19, 'YCUVPJPCTMQ', 98, 30, 98, 31, 21),
(25, 'Projectimer', 'Acydropren', '202-8-925-45741-7', 9, 'NTSSGWEAIDKKIPWMYZAJONHJXNAWQVXAVFIXOJYQMDYGVCVDRK', 72, 17, 72, 22, 45),
(26, 'Ampleupentor', 'Indathromypos', '844-8-051-48689-3', 79, NULL, 74, 31, 74, 27, 30),
(27, 'Stereoplotter', 'Dynaconliq', '184-5-858-92583-4', 51, 'UPCVYHOBBVK', 56, 58, 56, 50, 49),
(28, 'Tecordletphone', 'Lisihydrofast', '302-7-814-34631-2', 13, 'THNIWUDU', 76, 86, 76, 4, 31),
(29, 'Stereowooflet', 'Novooxepin', '084-6-970-03694-2', 29, 'PBCPWFFFZH', 78, 73, 78, 16, 32),
(30, 'Tweettaridge', 'Furocarpamtriol', '679-8-098-29003-1', 39, 'RWKHWFDWKGLRENITZGLNULIHFIBZHJIXRTZDOUIZPAYXFRZYBY', 67, 66, 67, 12, 37),
(31, 'Proputlet', 'Paraoxevant', '184-5-858-92584-1', 3, NULL, 59, 99, 59, 44, 32),
(32, 'Ampjectfiator', 'Arizopin', '446-4-047-69939-3', 73, 'NYUUOBFQSFGDVIOFDBPUFYBNPMTYPHZZRQFCAWIFWOBCNO', 29, 16, 29, 27, 19),
(33, 'Tweetplottar', 'Flohydrodene', '202-8-925-45742-4', 6, 'TLTNVVLLLECS', 30, 7, 30, 45, 38),
(34, 'Cleancessentor', 'Lyosoprotan', '944-6-940-37576-0', 77, 'HLYEXNEGHEUIFMYVEGBORTOXCGYEWWS', 22, 51, 22, 7, 31),
(35, 'Monofindommer', 'Gentapabid', '084-6-970-03695-9', 88, 'CXTDGGJSKPAIYTAKRFHVWPDPEMHXBUSBFLVBDNNBTPMNHETO', 36, 75, 36, 10, 25),
(36, 'Charpickedgphone', 'Robifaque', '302-7-814-34632-9', 16, 'DROBJCCPTKWXYQADSMTPCMCINFWRILKAKTQITCQKRDRGWFGREJYHPXVQMPIINS', 21, 88, 21, 30, 42),
(37, 'Mictinlet', 'Norasonvase', '184-5-858-92585-8', 19, 'SCWGKZVDLKAUXLOBFGOSBIKHBA', 36, 69, 36, 23, 4),
(38, 'Supbandinscope', 'Flucloino', '202-8-925-45743-1', 7, 'LTJRFSDYLZQHZOJGDNLBNYOKLFGSWYSNRQWHKMYUPL', 3, 9, 3, 5, 37),
(39, 'Monofinder', 'Ebidipidene', '844-8-051-48690-9', 35, 'ZDUILYYNSKORGYKOEJQTORDRNIYSP', 14, 87, 14, 47, 24),
(40, 'Cartcyclader', 'Ecobutamdar', '302-7-814-34633-6', 57, 'KAIQYZNMQLPGHZHROXAGBADIPLEHWQMUTAXFIUWKJBXIZQYMUN', 30, 45, 30, 29, 43),
(41, 'Armbandentor', 'Ribaperipex', '202-8-925-45744-8', 29, 'ENRWDUHWPBJIPIEQFFAKZHRNNZGBVMNEIYULI', 24, 48, 24, 17, 44),
(42, 'Armleadator', 'Tamochloridetec', '944-6-940-37577-7', 66, 'AWPAUXQAXC', 47, 70, 47, 49, 44),
(43, 'Bilictedgon', 'Ecotanxol', '779-6-987-17893-3', 2, 'DDIIWJHQHFMHLPTTKASDQBLHUYJTRTYPXC', 60, 83, 60, 31, 25),
(44, 'Amptellopator', 'Felofavant', '302-7-814-34634-3', 64, 'HRFLKFABNWNYZIGHZMPELWXS', 56, 37, 56, 41, 50),
(45, 'Chartectridge', 'Carvitazol', '546-2-936-58829-1', 70, 'IHIGCA', 4, 13, 4, 7, 50),
(46, 'Biceivonor', 'Medrozonal', '202-8-925-45745-5', 14, 'VROPWPMAINJL', 76, 31, 76, 35, 30),
(47, 'Tweetcordaquar', 'Flosilol', '679-8-098-29004-8', 77, 'UYHRQGHYJNJCUGVTXIDOOMDWIZMSLWNAGDLUFWGINUEOFRKMEQGHZYRWLTZMTUWSVNUCVXSAGY', 4, 1, 4, 2, 8),
(48, 'Monocessimentor', 'Afpuripren', '302-7-814-34635-0', 42, 'IIRHUWWIDADTCLWGPHFZIEPRLGDWSF', 4, 9, 4, 8, 37),
(49, 'Comcycler', 'Alfidroban', '844-8-051-48691-6', 97, 'UFASAVMSKICHCXODNKXQMYZTOLHNLGIDZXDBTWAPKSAVHXWEDDFLKYRJWVF', 100, 74, 100, 36, 29),
(50, 'Tweetbandimphone', 'Konifahex', '944-6-940-37578-4', 1, 'J', 25, 36, 25, 10, 24);

-- 
-- Dumping data for table prosuctonposition
--
-- Table paz1c_project.prosuctonposition does not contain any data (it is empty)

-- 
-- Dumping data for table productsinorder
--
-- Table paz1c_project.productsinorder does not contain any data (it is empty)

-- 
-- Dumping data for table history
--
-- Table paz1c_project.history does not contain any data (it is empty)

-- 
-- Restore previous SQL mode
-- 
/*!40101 SET SQL_MODE=@OLD_SQL_MODE */;

-- 
-- Enable foreign keys
-- 
/*!40014 SET FOREIGN_KEY_CHECKS = @OLD_FOREIGN_KEY_CHECKS */;